Row,Motor A,Motor B
1,1.000000,-1.000000
2,1.000000,-1.000000
3,1.000000,-1.000000
4,1.000000,-1.000000
5,1.000000,-1.000000
6,1.000000,-1.000000
7,1.000000,-1.000000
8,1.000000,-1.000000
9,1.000000,-1.000000
10,1.000000,-1.000000
11,1.000000,-1.000000
12,1.000000,-1.000000
13,1.000000,-1.000000
14,1.000000,-1.000000
15,1.000000,-1.000000
16,1.000000,-1.000000
17,1.000000,-1.000000
18,1.000000,-1.000000
19,1.000000,-1.000000
20,1.000000,-1.000000
21,1.000000,-1.000000
22,1.000000,-1.000000
23,1.000000,-1.000000
24,1.000000,-1.000000
25,1.000000,-1.000000
26,1.000000,-1.000000
27,1.000000,-1.000000
28,1.000000,-1.000000
29,1.000000,-1.000000
30,1.000000,-1.000000
31,1.000000,-1.000000
32,1.000000,-1.000000
33,1.000000,-1.000000
34,1.000000,-1.000000
35,1.000000,-1.000000
36,1.000000,-1.000000
37,1.000000,-1.000000
38,1.000000,-1.000000
39,1.000000,-1.000000
40,1.000000,-1.000000
41,1.000000,-1.000000
42,1.000000,-1.000000
43,1.000000,-1.000000
44,1.000000,-1.000000
45,1.000000,-1.000000
46,1.000000,-1.000000
47,1.000000,-1.000000
48,1.000000,-1.000000
49,1.000000,-1.000000
50,1.000000,-1.000000
51,1.000000,-1.000000
52,1.000000,-1.000000
53,1.000000,-1.000000
54,1.000000,-1.000000
55,1.000000,-1.000000
56,1.000000,-1.000000
57,1.000000,-1.000000
58,1.000000,-1.000000
59,1.000000,-1.000000
60,1.000000,-1.000000
61,1.000000,-1.000000
62,1.000000,-1.000000
63,1.000000,-1.000000
64,1.000000,-1.000000
65,1.000000,-1.000000
66,1.000000,-1.000000
67,1.000000,-1.000000
68,1.000000,-1.000000
69,1.000000,-1.000000
70,1.000000,-1.000000
71,1.000000,-1.000000
72,1.000000,-1.000000
73,1.000000,-1.000000
74,1.000000,-1.000000
75,1.000000,-1.000000
76,1.000000,-1.000000
77,1.000000,-1.000000
78,1.000000,-1.000000
79,1.000000,-1.000000
80,1.000000,-1.000000
81,1.000000,-1.000000
82,1.000000,-1.000000
83,1.000000,-1.000000
84,1.000000,-1.000000
85,1.000000,-1.000000
86,1.000000,-1.000000
87,1.000000,-1.000000
88,1.000000,-1.000000
89,1.000000,-1.000000
90,1.000000,-1.000000
91,1.000000,-1.000000
92,1.000000,-1.000000
93,1.000000,-1.000000
94,1.000000,-1.000000
95,1.000000,-1.000000
96,1.000000,-1.000000
97,1.000000,-1.000000
98,1.000000,-1.000000
99,1.000000,-1.000000
100,1.000000,-1.000000
101,1.000000,-1.000000
102,1.000000,-1.000000
103,1.000000,-1.000000
104,1.000000,-1.000000
105,1.000000,-1.000000
106,1.000000,-1.000000
107,1.000000,-1.000000
108,1.000000,-1.000000
109,1.000000,-1.000000
110,1.000000,-1.000000
111,1.000000,-1.000000
112,1.000000,-1.000000
113,1.000000,-1.000000
114,1.000000,-1.000000
115,1.000000,-1.000000
116,1.000000,-1.000000
117,1.000000,-1.000000
118,1.000000,-1.000000
119,1.000000,-1.000000
120,1.000000,-1.000000
121,1.000000,-1.000000
122,1.000000,-1.000000
123,1.000000,-1.000000
124,1.000000,-1.000000
125,1.000000,-1.000000
126,1.000000,-1.000000
127,1.000000,-1.000000
128,1.000000,-1.000000
129,1.000000,-1.000000
130,1.000000,-1.000000
131,1.000000,-1.000000
132,1.000000,-1.000000
133,1.000000,-1.000000
134,1.000000,-1.000000
135,1.000000,-1.000000
136,1.000000,-1.000000
137,1.000000,-1.000000
138,1.000000,-1.000000
139,1.000000,-1.000000
140,1.000000,-1.000000
141,1.000000,-1.000000
142,1.000000,-1.000000
143,1.000000,-1.000000
144,1.000000,-1.000000
145,1.000000,-1.000000
146,1.000000,-1.000000
147,1.000000,-1.000000
148,1.000000,-1.000000
149,1.000000,-1.000000
150,1.000000,-1.000000
151,1.000000,-1.000000
152,1.000000,-1.000000
153,1.000000,-1.000000
154,1.000000,-1.000000
155,1.000000,-1.000000
156,1.000000,-1.000000
157,1.000000,-1.000000
158,1.000000,-1.000000
159,1.000000,-1.000000
160,1.000000,-1.000000
161,1.000000,-1.000000
162,1.000000,-1.000000
163,1.000000,-1.000000
164,1.000000,-1.000000
165,1.000000,-1.000000
166,1.000000,-1.000000
167,1.000000,-1.000000
168,0.996000,-0.996000
169,0.984000,-0.984000
170,0.972000,-0.972000
171,0.960000,-0.960000
172,0.948000,-0.948000
173,0.936000,-0.936000
174,0.924000,-0.924000
175,0.912000,-0.912000
176,0.900000,-0.900000
177,0.888000,-0.888000
178,0.876000,-0.876000
179,0.864000,-0.864000
180,0.852000,-0.852000
181,0.840000,-0.840000
182,0.828000,-0.828000
183,0.816000,-0.816000
184,0.804000,-0.804000
185,0.792000,-0.792000
186,0.780000,-0.780000
187,0.768000,-0.768000
188,0.756000,-0.756000
189,0.744000,-0.744000
190,0.732000,-0.732000
191,0.720000,-0.720000
192,0.708000,-0.708000
193,0.696000,-0.696000
194,0.684000,-0.684000
195,0.672000,-0.672000
196,0.660000,-0.660000
197,0.648000,-0.648000
198,0.636000,-0.636000
199,0.624000,-0.624000
200,0.612000,-0.612000
201,0.600000,-0.600000
202,0.588000,-0.588000
203,0.576000,-0.576000
204,0.564000,-0.564000
205,0.552000,-0.552000
206,0.540000,-0.540000
207,0.528000,-0.528000
208,0.516000,-0.516000
209,0.504000,-0.504000
210,0.492000,-0.492000
211,0.480000,-0.480000
212,0.468000,-0.468000
213,0.456000,-0.456000
214,0.444000,-0.444000
215,0.432000,-0.432000
216,0.420000,-0.420000
217,0.408000,-0.408000
218,0.396000,-0.396000
219,0.384000,-0.384000
220,0.372000,-0.372000
221,0.360000,-0.360000
222,0.348000,-0.348000
223,0.336000,-0.336000
224,0.324000,-0.324000
225,0.312000,-0.312000
226,0.300000,-0.300000
227,0.288000,-0.288000
228,0.276000,-0.276000
229,0.264000,-0.264000
230,0.252000,-0.252000
231,0.240000,-0.240000
232,0.228000,-0.228000
233,0.216000,-0.216000
234,0.204000,-0.204000
235,0.192000,-0.192000
236,0.180000,-0.180000
237,0.168000,-0.168000
238,0.156000,-0.156000
239,0.144000,-0.144000
240,0.132000,-0.132000
241,0.120000,-0.120000
242,0.108000,-0.108000
243,0.096000,-0.096000
244,0.084000,-0.084000
245,0.072000,-0.072000
246,0.060000,-0.060000
247,0.048000,-0.048000
248,0.036000,-0.036000
249,0.024000,-0.024000
250,0.012000,-0.012000
251,0.000000,-0.000000
252,-0.012000,0.012000
253,-0.024000,0.024000
254,-0.036000,0.036000
255,-0.048000,0.048000
256,-0.060000,0.060000
257,-0.072000,0.072000
258,-0.084000,0.084000
259,-0.096000,0.096000
260,-0.108000,0.108000
261,-0.120000,0.120000
262,-0.132000,0.132000
263,-0.144000,0.144000
264,-0.156000,0.156000
265,-0.168000,0.168000
266,-0.180000,0.180000
267,-0.192000,0.192000
268,-0.204000,0.204000
269,-0.216000,0.216000
270,-0.228000,0.228000
271,-0.240000,0.240000
272,-0.252000,0.252000
273,-0.264000,0.264000
274,-0.276000,0.276000
275,-0.288000,0.288000
276,-0.300000,0.300000
277,-0.312000,0.312000
278,-0.324000,0.324000
279,-0.336000,0.336000
280,-0.348000,0.348000
281,-0.360000,0.360000
282,-0.372000,0.372000
283,-0.384000,0.384000
284,-0.396000,0.396000
285,-0.408000,0.408000
286,-0.420000,0.420000
287,-0.432000,0.432000
288,-0.444000,0.444000
289,-0.456000,0.456000
290,-0.468000,0.468000
291,-0.480000,0.480000
292,-0.492000,0.492000
293,-0.504000,0.504000
294,-0.516000,0.516000
295,-0.528000,0.528000
296,-0.540000,0.540000
297,-0.552000,0.552000
298,-0.564000,0.564000
299,-0.576000,0.576000
300,-0.588000,0.588000
301,-0.600000,0.600000
302,-0.612000,0.612000
303,-0.624000,0.624000
304,-0.636000,0.636000
305,-0.648000,0.648000
306,-0.660000,0.660000
307,-0.672000,0.672000
308,-0.684000,0.684000
309,-0.696000,0.696000
310,-0.708000,0.708000
311,-0.720000,0.720000
312,-0.732000,0.732000
313,-0.744000,0.744000
314,-0.756000,0.756000
315,-0.768000,0.768000
316,-0.780000,0.780000
317,-0.792000,0.792000
318,-0.804000,0.804000
319,-0.816000,0.816000
320,-0.828000,0.828000
321,-0.840000,0.840000
322,-0.852000,0.852000
323,-0.864000,0.864000
324,-0.876000,0.876000
325,-0.888000,0.888000
326,-0.900000,0.900000
327,-0.912000,0.912000
328,-0.924000,0.924000
329,-0.936000,0.936000
330,-0.948000,0.948000
331,-0.960000,0.960000
332,-0.972000,0.972000
333,-0.984000,0.984000
334,-0.996000,0.996000
335,-1.008000,1.008000
336,-1.020000,1.020000
337,-1.032000,1.032000
338,-1.044000,1.044000
339,-1.056000,1.056000
340,-1.068000,1.068000
341,-1.080000,1.080000
342,-1.092000,1.092000
343,-1.104000,1.104000
344,-1.116000,1.116000
345,-1.128000,1.128000
346,-1.140000,1.140000
347,-1.152000,1.152000
348,-1.164000,1.164000
349,-1.176000,1.176000
350,-1.188000,1.188000
351,-1.200000,1.200000
352,-1.212000,1.212000
353,-1.224000,1.224000
354,-1.236000,1.236000
355,-1.248000,1.248000
356,-1.260000,1.260000
357,-1.272000,1.272000
358,-1.284000,1.284000
359,-1.296000,1.296000
360,-1.308000,1.308000
361,-1.320000,1.320000
362,-1.332000,1.332000
363,-1.344000,1.344000
364,-1.356000,1.356000
365,-1.368000,1.368000
366,-1.380000,1.380000
367,-1.392000,1.392000
368,-1.404000,1.404000
369,-1.416000,1.416000
370,-1.428000,1.428000
371,-1.440000,1.440000
372,-1.452000,1.452000
373,-1.464000,1.464000
374,-1.476000,1.476000
375,-1.488000,1.488000
376,-1.500000,1.500000
377,-1.512000,1.512000
378,-1.524000,1.524000
379,-1.536000,1.536000
380,-1.548000,1.548000
381,-1.560000,1.560000
382,-1.572000,1.572000
383,-1.584000,1.584000
384,-1.596000,1.596000
385,-1.608000,1.608000
386,-1.620000,1.620000
387,-1.632000,1.632000
388,-1.644000,1.644000
389,-1.656000,1.656000
390,-1.668000,1.668000
391,-1.680000,1.680000
392,-1.692000,1.692000
393,-1.704000,1.704000
394,-1.716000,1.716000
395,-1.728000,1.728000
396,-1.740000,1.740000
397,-1.752000,1.752000
398,-1.764000,1.764000
399,-1.776000,1.776000
400,-1.788000,1.788000
401,-1.800000,1.800000
402,-1.812000,1.812000
403,-1.824000,1.824000
404,-1.836000,1.836000
405,-1.848000,1.848000
406,-1.860000,1.860000
407,-1.872000,1.872000
408,-1.884000,1.884000
409,-1.896000,1.896000
410,-1.908000,1.908000
411,-1.920000,1.920000
412,-1.932000,1.932000
413,-1.944000,1.944000
414,-1.956000,1.956000
415,-1.968000,1.968000
416,-1.980000,1.980000
417,-1.992000,1.992000
418,-2.004000,2.004000
419,-2.016000,2.016000
420,-2.028000,2.028000
421,-2.040000,2.040000
422,-2.052000,2.052000
423,-2.064000,2.064000
424,-2.076000,2.076000
425,-2.088000,2.088000
426,-2.100000,2.100000
427,-2.112000,2.112000
428,-2.124000,2.124000
429,-2.136000,2.136000
430,-2.148000,2.148000
431,-2.160000,2.160000
432,-2.172000,2.172000
433,-2.184000,2.184000
434,-2.196000,2.196000
435,-2.208000,2.208000
436,-2.220000,2.220000
437,-2.232000,2.232000
438,-2.244000,2.244000
439,-2.256000,2.256000
440,-2.268000,2.268000
441,-2.280000,2.280000
442,-2.292000,2.292000
443,-2.304000,2.304000
444,-2.316000,2.316000
445,-2.328000,2.328000
446,-2.340000,2.340000
447,-2.352000,2.352000
448,-2.364000,2.364000
449,-2.376000,2.376000
450,-2.388000,2.388000
451,-2.400000,2.400000
452,-2.412000,2.412000
453,-2.424000,2.424000
454,-2.436000,2.436000
455,-2.448000,2.448000
456,-2.460000,2.460000
457,-2.472000,2.472000
458,-2.484000,2.484000
459,-2.496000,2.496000
460,-2.508000,2.508000
461,-2.520000,2.520000
462,-2.532000,2.532000
463,-2.544000,2.544000
464,-2.556000,2.556000
465,-2.568000,2.568000
466,-2.580000,2.580000
467,-2.592000,2.592000
468,-2.604000,2.604000
469,-2.616000,2.616000
470,-2.628000,2.628000
471,-2.640000,2.640000
472,-2.652000,2.652000
473,-2.664000,2.664000
474,-2.676000,2.676000
475,-2.688000,2.688000
476,-2.700000,2.700000
477,-2.712000,2.712000
478,-2.724000,2.724000
479,-2.736000,2.736000
480,-2.748000,2.748000
481,-2.760000,2.760000
482,-2.772000,2.772000
483,-2.784000,2.784000
484,-2.796000,2.796000
485,-2.808000,2.808000
486,-2.820000,2.820000
487,-2.832000,2.832000
488,-2.844000,2.844000
489,-2.856000,2.856000
490,-2.868000,2.868000
491,-2.880000,2.880000
492,-2.892000,2.892000
493,-2.904000,2.904000
494,-2.916000,2.916000
495,-2.928000,2.928000
496,-2.940000,2.940000
497,-2.952000,2.952000
498,-2.964000,2.964000
499,-2.976000,2.976000
500,-2.988000,2.988000
501,-nan,nan
502,-2.988000,2.988000
503,-2.976000,2.976000
504,-2.964000,2.964000
505,-2.952000,2.952000
506,-2.940000,2.940000
507,-2.928000,2.928000
508,-2.916000,2.916000
509,-2.904000,2.904000
510,-2.892000,2.892000
511,-2.880000,2.880000
512,-2.868000,2.868000
513,-2.856000,2.856000
514,-2.844000,2.844000
515,-2.832000,2.832000
516,-2.820000,2.820000
517,-2.808000,2.808000
518,-2.796000,2.796000
519,-2.784000,2.784000
520,-2.772000,2.772000
521,-2.760000,2.760000
522,-2.748000,2.748000
523,-2.736000,2.736000
524,-2.724000,2.724000
525,-2.712000,2.712000
526,-2.700000,2.700000
527,-2.688000,2.688000
528,-2.676000,2.676000
529,-2.664000,2.664000
530,-2.652000,2.652000
531,-2.640000,2.640000
532,-2.628000,2.628000
533,-2.616000,2.616000
534,-2.604000,2.604000
535,-2.592000,2.592000
536,-2.580000,2.580000
537,-2.568000,2.568000
538,-2.556000,2.556000
539,-2.544000,2.544000
540,-2.532000,2.532000
541,-2.520000,2.520000
542,-2.508000,2.508000
543,-2.496000,2.496000
544,-2.484000,2.484000
545,-2.472000,2.472000
546,-2.460000,2.460000
547,-2.448000,2.448000
548,-2.436000,2.436000
549,-2.424000,2.424000
550,-2.412000,2.412000
551,-2.400000,2.400000
552,-2.388000,2.388000
553,-2.376000,2.376000
554,-2.364000,2.364000
555,-2.352000,2.352000
556,-2.340000,2.340000
557,-2.328000,2.328000
558,-2.316000,2.316000
559,-2.304000,2.304000
560,-2.292000,2.292000
561,-2.280000,2.280000
562,-2.268000,2.268000
563,-2.256000,2.256000
564,-2.244000,2.244000
565,-2.232000,2.232000
566,-2.220000,2.220000
567,-2.208000,2.208000
568,-2.196000,2.196000
569,-2.184000,2.184000
570,-2.172000,2.172000
571,-2.160000,2.160000
572,-2.148000,2.148000
573,-2.136000,2.136000
574,-2.124000,2.124000
575,-2.112000,2.112000
576,-2.100000,2.100000
577,-2.088000,2.088000
578,-2.076000,2.076000
579,-2.064000,2.064000
580,-2.052000,2.052000
581,-2.040000,2.040000
582,-2.028000,2.028000
583,-2.016000,2.016000
584,-2.004000,2.004000
585,-1.992000,1.992000
586,-1.980000,1.980000
587,-1.968000,1.968000
588,-1.956000,1.956000
589,-1.944000,1.944000
590,-1.932000,1.932000
591,-1.920000,1.920000
592,-1.908000,1.908000
593,-1.896000,1.896000
594,-1.884000,1.884000
595,-1.872000,1.872000
596,-1.860000,1.860000
597,-1.848000,1.848000
598,-1.836000,1.836000
599,-1.824000,1.824000
600,-1.812000,1.812000
601,-1.800000,1.800000
602,-1.788000,1.788000
603,-1.776000,1.776000
604,-1.764000,1.764000
605,-1.752000,1.752000
606,-1.740000,1.740000
607,-1.728000,1.728000
608,-1.716000,1.716000
609,-1.704000,1.704000
610,-1.692000,1.692000
611,-1.680000,1.680000
612,-1.668000,1.668000
613,-1.656000,1.656000
614,-1.644000,1.644000
615,-1.632000,1.632000
616,-1.620000,1.620000
617,-1.608000,1.608000
618,-1.596000,1.596000
619,-1.584000,1.584000
620,-1.572000,1.572000
621,-1.560000,1.560000
622,-1.548000,1.548000
623,-1.536000,1.536000
624,-1.524000,1.524000
625,-1.512000,1.512000
626,-1.500000,1.500000
627,-1.488000,1.488000
628,-1.476000,1.476000
629,-1.464000,1.464000
630,-1.452000,1.452000
631,-1.440000,1.440000
632,-1.428000,1.428000
633,-1.416000,1.416000
634,-1.404000,1.404000
635,-1.392000,1.392000
636,-1.380000,1.380000
637,-1.368000,1.368000
638,-1.356000,1.356000
639,-1.344000,1.344000
640,-1.332000,1.332000
641,-1.320000,1.320000
642,-1.308000,1.308000
643,-1.296000,1.296000
644,-1.284000,1.284000
645,-1.272000,1.272000
646,-1.260000,1.260000
647,-1.248000,1.248000
648,-1.236000,1.236000
649,-1.224000,1.224000
650,-1.212000,1.212000
651,-1.200000,1.200000
652,-1.188000,1.188000
653,-1.176000,1.176000
654,-1.164000,1.164000
655,-1.152000,1.152000
656,-1.140000,1.140000
657,-1.128000,1.128000
658,-1.116000,1.116000
659,-1.104000,1.104000
660,-1.092000,1.092000
661,-1.080000,1.080000
662,-1.068000,1.068000
663,-1.056000,1.056000
664,-1.044000,1.044000
665,-1.032000,1.032000
666,-1.020000,1.020000
667,-1.008000,1.008000
668,-0.996000,0.996000
669,-0.984000,0.984000
670,-0.972000,0.972000
671,-0.960000,0.960000
672,-0.948000,0.948000
673,-0.936000,0.936000
674,-0.924000,0.924000
675,-0.912000,0.912000
676,-0.900000,0.900000
677,-0.888000,0.888000
678,-0.876000,0.876000
679,-0.864000,0.864000
680,-0.852000,0.852000
681,-0.840000,0.840000
682,-0.828000,0.828000
683,-0.816000,0.816000
684,-0.804000,0.804000
685,-0.792000,0.792000
686,-0.780000,0.780000
687,-0.768000,0.768000
688,-0.756000,0.756000
689,-0.744000,0.744000
690,-0.732000,0.732000
691,-0.720000,0.720000
692,-0.708000,0.708000
693,-0.696000,0.696000
694,-0.684000,0.684000
695,-0.672000,0.672000
696,-0.660000,0.660000
697,-0.648000,0.648000
698,-0.636000,0.636000
699,-0.624000,0.624000
700,-0.612000,0.612000
701,-0.600000,0.600000
702,-0.588000,0.588000
703,-0.576000,0.576000
704,-0.564000,0.564000
705,-0.552000,0.552000
706,-0.540000,0.540000
707,-0.528000,0.528000
708,-0.516000,0.516000
709,-0.504000,0.504000
710,-0.492000,0.492000
711,-0.480000,0.480000
712,-0.468000,0.468000
713,-0.456000,0.456000
714,-0.444000,0.444000
715,-0.432000,0.432000
716,-0.420000,0.420000
717,-0.408000,0.408000
718,-0.396000,0.396000
719,-0.384000,0.384000
720,-0.372000,0.372000
721,-0.360000,0.360000
722,-0.348000,0.348000
723,-0.336000,0.336000
724,-0.324000,0.324000
725,-0.312000,0.312000
726,-0.300000,0.300000
727,-0.288000,0.288000
728,-0.276000,0.276000
729,-0.264000,0.264000
730,-0.252000,0.252000
731,-0.240000,0.240000
732,-0.228000,0.228000
733,-0.216000,0.216000
734,-0.204000,0.204000
735,-0.192000,0.192000
736,-0.180000,0.180000
737,-0.168000,0.168000
738,-0.156000,0.156000
739,-0.144000,0.144000
740,-0.132000,0.132000
741,-0.120000,0.120000
742,-0.108000,0.108000
743,-0.096000,0.096000
744,-0.084000,0.084000
745,-0.072000,0.072000
746,-0.060000,0.060000
747,-0.048000,0.048000
748,-0.036000,0.036000
749,-0.024000,0.024000
750,-0.012000,0.012000
751,-0.000000,0.000000
752,0.012000,-0.012000
753,0.024000,-0.024000
754,0.036000,-0.036000
755,0.048000,-0.048000
756,0.060000,-0.060000
757,0.072000,-0.072000
758,0.084000,-0.084000
759,0.096000,-0.096000
760,0.108000,-0.108000
761,0.120000,-0.120000
762,0.132000,-0.132000
763,0.144000,-0.144000
764,0.156000,-0.156000
765,0.168000,-0.168000
766,0.180000,-0.180000
767,0.192000,-0.192000
768,0.204000,-0.204000
769,0.216000,-0.216000
770,0.228000,-0.228000
771,0.240000,-0.240000
772,0.252000,-0.252000
773,0.264000,-0.264000
774,0.276000,-0.276000
775,0.288000,-0.288000
776,0.300000,-0.300000
777,0.312000,-0.312000
778,0.324000,-0.324000
779,0.336000,-0.336000
780,0.348000,-0.348000
781,0.360000,-0.360000
782,0.372000,-0.372000
783,0.384000,-0.384000
784,0.396000,-0.396000
785,0.408000,-0.408000
786,0.420000,-0.420000
787,0.432000,-0.432000
788,0.444000,-0.444000
789,0.456000,-0.456000
790,0.468000,-0.468000
791,0.480000,-0.480000
792,0.492000,-0.492000
793,0.504000,-0.504000
794,0.516000,-0.516000
795,0.528000,-0.528000
796,0.540000,-0.540000
797,0.552000,-0.552000
798,0.564000,-0.564000
799,0.576000,-0.576000
800,0.588000,-0.588000
801,0.600000,-0.600000
802,0.612000,-0.612000
803,0.624000,-0.624000
804,0.636000,-0.636000
805,0.648000,-0.648000
806,0.660000,-0.660000
807,0.672000,-0.672000
808,0.684000,-0.684000
809,0.696000,-0.696000
810,0.708000,-0.708000
811,0.720000,-0.720000
812,0.732000,-0.732000
813,0.744000,-0.744000
814,0.756000,-0.756000
815,0.768000,-0.768000
816,0.780000,-0.780000
817,0.792000,-0.792000
818,0.804000,-0.804000
819,0.816000,-0.816000
820,0.828000,-0.828000
821,0.840000,-0.840000
822,0.852000,-0.852000
823,0.864000,-0.864000
824,0.876000,-0.876000
825,0.888000,-0.888000
826,0.900000,-0.900000
827,0.912000,-0.912000
828,0.924000,-0.924000
829,0.936000,-0.936000
830,0.948000,-0.948000
831,0.960000,-0.960000
832,0.972000,-0.972000
833,0.984000,-0.984000
834,0.996000,-0.996000
835,1.000000,-1.000000
836,1.000000,-1.000000
837,1.000000,-1.000000
838,1.000000,-1.000000
839,1.000000,-1.000000
840,1.000000,-1.000000
841,1.000000,-1.000000
842,1.000000,-1.000000
843,1.000000,-1.000000
844,1.000000,-1.000000
845,1.000000,-1.000000
846,1.000000,-1.000000
847,1.000000,-1.000000
848,1.000000,-1.000000
849,1.000000,-1.000000
850,1.000000,-1.000000
851,1.000000,-1.000000
852,1.000000,-1.000000
853,1.000000,-1.000000
854,1.000000,-1.000000
855,1.000000,-1.000000
856,1.000000,-1.000000
857,1.000000,-1.000000
858,1.000000,-1.000000
859,1.000000,-1.000000
860,1.000000,-1.000000
861,1.000000,-1.000000
862,1.000000,-1.000000
863,1.000000,-1.000000
864,1.000000,-1.000000
865,1.000000,-1.000000
866,1.000000,-1.000000
867,1.000000,-1.000000
868,1.000000,-1.000000
869,1.000000,-1.000000
870,1.000000,-1.000000
871,1.000000,-1.000000
872,1.000000,-1.000000
873,1.000000,-1.000000
874,1.000000,-1.000000
875,1.000000,-1.000000
876,1.000000,-1.000000
877,1.000000,-1.000000
878,1.000000,-1.000000
879,1.000000,-1.000000
880,1.000000,-1.000000
881,1.000000,-1.000000
882,1.000000,-1.000000
883,1.000000,-1.000000
884,1.000000,-1.000000
885,1.000000,-1.000000
886,1.000000,-1.000000
887,1.000000,-1.000000
888,1.000000,-1.000000
889,1.000000,-1.000000
890,1.000000,-1.000000
891,1.000000,-1.000000
892,1.000000,-1.000000
893,1.000000,-1.000000
894,1.000000,-1.000000
895,1.000000,-1.000000
896,1.000000,-1.000000
897,1.000000,-1.000000
898,1.000000,-1.000000
899,1.000000,-1.000000
900,1.000000,-1.000000
901,1.000000,-1.000000
902,1.000000,-1.000000
903,1.000000,-1.000000
904,1.000000,-1.000000
905,1.000000,-1.000000
906,1.000000,-1.000000
907,1.000000,-1.000000
908,1.000000,-1.000000
909,1.000000,-1.000000
910,1.000000,-1.000000
911,1.000000,-1.000000
912,1.000000,-1.000000
913,1.000000,-1.000000
914,1.000000,-1.000000
915,1.000000,-1.000000
916,1.000000,-1.000000
917,1.000000,-1.000000
918,1.000000,-1.000000
919,1.000000,-1.000000
920,1.000000,-1.000000
921,1.000000,-1.000000
922,1.000000,-1.000000
923,1.000000,-1.000000
924,1.000000,-1.000000
925,1.000000,-1.000000
926,1.000000,-1.000000
927,1.000000,-1.000000
928,1.000000,-1.000000
929,1.000000,-1.000000
930,1.000000,-1.000000
931,1.000000,-1.000000
932,1.000000,-1.000000
933,1.000000,-1.000000
934,1.000000,-1.000000
935,1.000000,-1.000000
936,1.000000,-1.000000
937,1.000000,-1.000000
938,1.000000,-1.000000
939,1.000000,-1.000000
940,1.000000,-1.000000
941,1.000000,-1.000000
942,1.000000,-1.000000
943,1.000000,-1.000000
944,1.000000,-1.000000
945,1.000000,-1.000000
946,1.000000,-1.000000
947,1.000000,-1.000000
948,1.000000,-1.000000
949,1.000000,-1.000000
950,1.000000,-1.000000
951,1.000000,-1.000000
952,1.000000,-1.000000
953,1.000000,-1.000000
954,1.000000,-1.000000
955,1.000000,-1.000000
956,1.000000,-1.000000
957,1.000000,-1.000000
958,1.000000,-1.000000
959,1.000000,-1.000000
960,1.000000,-1.000000
961,1.000000,-1.000000
962,1.000000,-1.000000
963,1.000000,-1.000000
964,1.000000,-1.000000
965,1.000000,-1.000000
966,1.000000,-1.000000
967,1.000000,-1.000000
968,1.000000,-1.000000
969,1.000000,-1.000000
970,1.000000,-1.000000
971,1.000000,-1.000000
972,1.000000,-1.000000
973,1.000000,-1.000000
974,1.000000,-1.000000
975,1.000000,-1.000000
976,1.000000,-1.000000
977,1.000000,-1.000000
978,1.000000,-1.000000
979,1.000000,-1.000000
980,1.000000,-1.000000
981,1.000000,-1.000000
982,1.000000,-1.000000
983,1.000000,-1.000000
984,1.000000,-1.000000
985,1.000000,-1.000000
986,1.000000,-1.000000
987,1.000000,-1.000000
988,1.000000,-1.000000
989,1.000000,-1.000000
990,1.000000,-1.000000
991,1.000000,-1.000000
992,1.000000,-1.000000
993,1.000000,-1.000000
994,1.000000,-1.000000
995,1.000000,-1.000000
996,1.000000,-1.000000
997,1.000000,-1.000000
998,1.000000,-1.000000
999,1.000000,-1.000000
1000,1.000000,-1.000000
1001,1.000000,-1.000000
1002,1.000000,-1.000000
1003,1.000000,-1.000000
1004,1.000000,-1.000000
1005,1.000000,-1.000000
1006,1.000000,-1.000000
1007,1.000000,-1.000000
1008,1.000000,-1.000000
1009,1.000000,-1.000000
1010,1.000000,-1.000000
1011,1.000000,-1.000000
1012,1.000000,-1.000000
1013,1.000000,-1.000000
1014,1.000000,-1.000000
1015,1.000000,-1.000000
1016,1.000000,-1.000000
1017,1.000000,-1.000000
1018,1.000000,-1.000000
1019,1.000000,-1.000000
1020,1.000000,-1.000000
1021,1.000000,-1.000000
1022,1.000000,-1.000000
1023,1.000000,-1.000000
1024,1.000000,-1.000000
1025,1.000000,-1.000000
1026,1.000000,-1.000000
1027,1.000000,-1.000000
1028,1.000000,-1.000000
1029,1.000000,-1.000000
1030,1.000000,-1.000000
1031,1.000000,-1.000000
1032,1.000000,-1.000000
1033,1.000000,-1.000000
1034,1.000000,-1.000000
1035,1.000000,-1.000000
1036,1.000000,-1.000000
1037,1.000000,-1.000000
1038,1.000000,-1.000000
1039,1.000000,-1.000000
1040,1.000000,-1.000000
1041,1.000000,-1.000000
1042,1.000000,-1.000000
1043,1.000000,-1.000000
1044,1.000000,-1.000000
1045,1.000000,-1.000000
1046,1.000000,-1.000000
1047,1.000000,-1.000000
1048,1.000000,-1.000000
1049,1.000000,-1.000000
1050,1.000000,-1.000000
1051,1.000000,-1.000000
1052,1.000000,-1.000000
1053,1.000000,-1.000000
1054,1.000000,-1.000000
1055,1.000000,-1.000000
1056,1.000000,-1.000000
1057,1.000000,-1.000000
1058,1.000000,-1.000000
1059,1.000000,-1.000000
1060,1.000000,-1.000000
1061,1.000000,-1.000000
1062,1.000000,-1.000000
1063,1.000000,-1.000000
1064,1.000000,-1.000000
1065,1.000000,-1.000000
1066,1.000000,-1.000000
1067,1.000000,-1.000000
1068,1.000000,-1.000000
1069,1.000000,-1.000000
1070,1.000000,-1.000000
1071,1.000000,-1.000000
1072,1.000000,-1.000000
1073,1.000000,-1.000000
1074,1.000000,-1.000000
1075,1.000000,-1.000000
1076,1.000000,-1.000000
1077,1.000000,-1.000000
1078,1.000000,-1.000000
1079,1.000000,-1.000000
1080,1.000000,-1.000000
1081,1.000000,-1.000000
1082,1.000000,-1.000000
1083,1.000000,-1.000000
1084,1.000000,-1.000000
1085,1.000000,-1.000000
1086,1.000000,-1.000000
1087,1.000000,-1.000000
1088,1.000000,-1.000000
1089,1.000000,-1.000000
1090,1.000000,-1.000000
1091,1.000000,-1.000000
1092,1.000000,-1.000000
1093,1.000000,-1.000000
1094,1.000000,-1.000000
1095,1.000000,-1.000000
1096,1.000000,-1.000000
1097,1.000000,-1.000000
1098,1.000000,-1.000000
1099,1.000000,-1.000000
1100,1.000000,-1.000000
1101,1.000000,-1.000000
1102,1.000000,-1.000000
1103,1.000000,-1.000000
1104,1.000000,-1.000000
1105,1.000000,-1.000000
1106,1.000000,-1.000000
1107,1.000000,-1.000000
1108,1.000000,-1.000000
1109,1.000000,-1.000000
1110,1.000000,-1.000000
1111,1.000000,-1.000000
1112,1.000000,-1.000000
1113,1.000000,-1.000000
1114,1.000000,-1.000000
1115,1.000000,-1.000000
1116,1.000000,-1.000000
1117,1.000000,-1.000000
1118,1.000000,-1.000000
1119,1.000000,-1.000000
1120,1.000000,-1.000000
1121,1.000000,-1.000000
1122,1.000000,-1.000000
1123,1.000000,-1.000000
1124,1.000000,-1.000000
1125,1.000000,-1.000000
1126,1.000000,-1.000000
1127,1.000000,-1.000000
1128,1.000000,-1.000000
1129,1.000000,-1.000000
1130,1.000000,-1.000000
1131,1.000000,-1.000000
1132,1.000000,-1.000000
1133,1.000000,-1.000000
1134,1.000000,-1.000000
1135,1.000000,-1.000000
1136,1.000000,-1.000000
1137,1.000000,-1.000000
1138,1.000000,-1.000000
1139,1.000000,-1.000000
1140,1.000000,-1.000000
1141,1.000000,-1.000000
1142,1.000000,-1.000000
1143,1.000000,-1.000000
1144,1.000000,-1.000000
1145,1.000000,-1.000000
1146,1.000000,-1.000000
1147,1.000000,-1.000000
1148,1.000000,-1.000000
1149,1.000000,-1.000000
1150,1.000000,-1.000000
1151,1.000000,-1.000000
1152,1.000000,-1.000000
1153,1.000000,-1.000000
1154,1.000000,-1.000000
1155,1.000000,-1.000000
1156,1.000000,-1.000000
1157,1.000000,-1.000000
1158,1.000000,-1.000000
1159,1.000000,-1.000000
1160,1.000000,-1.000000
1161,1.000000,-1.000000
1162,1.000000,-1.000000
1163,1.000000,-1.000000
1164,1.000000,-1.000000
1165,1.000000,-1.000000
1166,1.000000,-1.000000
1167,1.000000,-1.000000
1168,0.996000,-0.996000
1169,0.984000,-0.984000
1170,0.972000,-0.972000
1171,0.960000,-0.960000
1172,0.948000,-0.948000
1173,0.936000,-0.936000
1174,0.924000,-0.924000
1175,0.912000,-0.912000
1176,0.900000,-0.900000
1177,0.888000,-0.888000
1178,0.876000,-0.876000
1179,0.864000,-0.864000
1180,0.852000,-0.852000
1181,0.840000,-0.840000
1182,0.828000,-0.828000
1183,0.816000,-0.816000
1184,0.804000,-0.804000
1185,0.792000,-0.792000
1186,0.780000,-0.780000
1187,0.768000,-0.768000
1188,0.756000,-0.756000
1189,0.744000,-0.744000
1190,0.732000,-0.732000
1191,0.720000,-0.720000
1192,0.708000,-0.708000
1193,0.696000,-0.696000
1194,0.684000,-0.684000
1195,0.672000,-0.672000
1196,0.660000,-0.660000
1197,0.648000,-0.648000
1198,0.636000,-0.636000
1199,0.624000,-0.624000
1200,0.612000,-0.612000
1201,0.600000,-0.600000
1202,0.588000,-0.588000
1203,0.576000,-0.576000
1204,0.564000,-0.564000
1205,0.552000,-0.552000
1206,0.540000,-0.540000
1207,0.528000,-0.528000
1208,0.516000,-0.516000
1209,0.504000,-0.504000
1210,0.492000,-0.492000
1211,0.480000,-0.480000
1212,0.468000,-0.468000
1213,0.456000,-0.456000
1214,0.444000,-0.444000
1215,0.432000,-0.432000
1216,0.420000,-0.420000
1217,0.408000,-0.408000
1218,0.396000,-0.396000
1219,0.384000,-0.384000
1220,0.372000,-0.372000
1221,0.360000,-0.360000
1222,0.348000,-0.348000
1223,0.336000,-0.336000
1224,0.324000,-0.324000
1225,0.312000,-0.312000
1226,0.300000,-0.300000
1227,0.288000,-0.288000
1228,0.276000,-0.276000
1229,0.264000,-0.264000
1230,0.252000,-0.252000
1231,0.240000,-0.240000
1232,0.228000,-0.228000
1233,0.216000,-0.216000
1234,0.204000,-0.204000
1235,0.192000,-0.192000
1236,0.180000,-0.180000
1237,0.168000,-0.168000
1238,0.156000,-0.156000
1239,0.144000,-0.144000
1240,0.132000,-0.132000
1241,0.120000,-0.120000
1242,0.108000,-0.108000
1243,0.096000,-0.096000
1244,0.084000,-0.084000
1245,0.072000,-0.072000
1246,0.060000,-0.060000
1247,0.048000,-0.048000
1248,0.036000,-0.036000
1249,0.024000,-0.024000
1250,0.012000,-0.012000
1251,0.000000,-0.000000
1252,-0.012000,0.012000
1253,-0.024000,0.024000
1254,-0.036000,0.036000
1255,-0.048000,0.048000
1256,-0.060000,0.060000
1257,-0.072000,0.072000
1258,-0.084000,0.084000
1259,-0.096000,0.096000
1260,-0.108000,0.108000
1261,-0.120000,0.120000
1262,-0.132000,0.132000
1263,-0.144000,0.144000
1264,-0.156000,0.156000
1265,-0.168000,0.168000
1266,-0.180000,0.180000
1267,-0.192000,0.192000
1268,-0.204000,0.204000
1269,-0.216000,0.216000
1270,-0.228000,0.228000
1271,-0.240000,0.240000
1272,-0.252000,0.252000
1273,-0.264000,0.264000
1274,-0.276000,0.276000
1275,-0.288000,0.288000
1276,-0.300000,0.300000
1277,-0.312000,0.312000
1278,-0.324000,0.324000
1279,-0.336000,0.336000
1280,-0.348000,0.348000
1281,-0.360000,0.360000
1282,-0.372000,0.372000
1283,-0.384000,0.384000
1284,-0.396000,0.396000
1285,-0.408000,0.408000
1286,-0.420000,0.420000
1287,-0.432000,0.432000
1288,-0.444000,0.444000
1289,-0.456000,0.456000
1290,-0.468000,0.468000
1291,-0.480000,0.480000
1292,-0.492000,0.492000
1293,-0.504000,0.504000
1294,-0.516000,0.516000
1295,-0.528000,0.528000
1296,-0.540000,0.540000
1297,-0.552000,0.552000
1298,-0.564000,0.564000
1299,-0.576000,0.576000
1300,-0.588000,0.588000
1301,-0.600000,0.600000
1302,-0.612000,0.612000
1303,-0.624000,0.624000
1304,-0.636000,0.636000
1305,-0.648000,0.648000
1306,-0.660000,0.660000
1307,-0.672000,0.672000
1308,-0.684000,0.684000
1309,-0.696000,0.696000
1310,-0.708000,0.708000
1311,-0.720000,0.720000
1312,-0.732000,0.732000
1313,-0.744000,0.744000
1314,-0.756000,0.756000
1315,-0.768000,0.768000
1316,-0.780000,0.780000
1317,-0.792000,0.792000
1318,-0.804000,0.804000
1319,-0.816000,0.816000
1320,-0.828000,0.828000
1321,-0.840000,0.840000
1322,-0.852000,0.852000
1323,-0.864000,0.864000
1324,-0.876000,0.876000
1325,-0.888000,0.888000
1326,-0.900000,0.900000
1327,-0.912000,0.912000
1328,-0.924000,0.924000
1329,-0.936000,0.936000
1330,-0.948000,0.948000
1331,-0.960000,0.960000
1332,-0.972000,0.972000
1333,-0.984000,0.984000
1334,-0.996000,0.996000
1335,-1.008000,1.008000
1336,-1.020000,1.020000
1337,-1.032000,1.032000
1338,-1.044000,1.044000
1339,-1.056000,1.056000
1340,-1.068000,1.068000
1341,-1.080000,1.080000
1342,-1.092000,1.092000
1343,-1.104000,1.104000
1344,-1.116000,1.116000
1345,-1.128000,1.128000
1346,-1.140000,1.140000
1347,-1.152000,1.152000
1348,-1.164000,1.164000
1349,-1.176000,1.176000
1350,-1.188000,1.188000
1351,-1.200000,1.200000
1352,-1.212000,1.212000
1353,-1.224000,1.224000
1354,-1.236000,1.236000
1355,-1.248000,1.248000
1356,-1.260000,1.260000
1357,-1.272000,1.272000
1358,-1.284000,1.284000
1359,-1.296000,1.296000
1360,-1.308000,1.308000
1361,-1.320000,1.320000
1362,-1.332000,1.332000
1363,-1.344000,1.344000
1364,-1.356000,1.356000
1365,-1.368000,1.368000
1366,-1.380000,1.380000
1367,-1.392000,1.392000
1368,-1.404000,1.404000
1369,-1.416000,1.416000
1370,-1.428000,1.428000
1371,-1.440000,1.440000
1372,-1.452000,1.452000
1373,-1.464000,1.464000
1374,-1.476000,1.476000
1375,-1.488000,1.488000
1376,-1.500000,1.500000
1377,-1.512000,1.512000
1378,-1.524000,1.524000
1379,-1.536000,1.536000
1380,-1.548000,1.548000
1381,-1.560000,1.560000
1382,-1.572000,1.572000
1383,-1.584000,1.584000
1384,-1.596000,1.596000
1385,-1.608000,1.608000
1386,-1.620000,1.620000
1387,-1.632000,1.632000
1388,-1.644000,1.644000
1389,-1.656000,1.656000
1390,-1.668000,1.668000
1391,-1.680000,1.680000
1392,-1.692000,1.692000
1393,-1.704000,1.704000
1394,-1.716000,1.716000
1395,-1.728000,1.728000
1396,-1.740000,1.740000
1397,-1.752000,1.752000
1398,-1.764000,1.764000
1399,-1.776000,1.776000
1400,-1.788000,1.788000
1401,-1.800000,1.800000
1402,-1.812000,1.812000
1403,-1.824000,1.824000
1404,-1.836000,1.836000
1405,-1.848000,1.848000
1406,-1.860000,1.860000
1407,-1.872000,1.872000
1408,-1.884000,1.884000
1409,-1.896000,1.896000
1410,-1.908000,1.908000
1411,-1.920000,1.920000
1412,-1.932000,1.932000
1413,-1.944000,1.944000
1414,-1.956000,1.956000
1415,-1.968000,1.968000
1416,-1.980000,1.980000
1417,-1.992000,1.992000
1418,-2.004000,2.004000
1419,-2.016000,2.016000
1420,-2.028000,2.028000
1421,-2.040000,2.040000
1422,-2.052000,2.052000
1423,-2.064000,2.064000
1424,-2.076000,2.076000
1425,-2.088000,2.088000
1426,-2.100000,2.100000
1427,-2.112000,2.112000
1428,-2.124000,2.124000
1429,-2.136000,2.136000
1430,-2.148000,2.148000
1431,-2.160000,2.160000
1432,-2.172000,2.172000
1433,-2.184000,2.184000
1434,-2.196000,2.196000
1435,-2.208000,2.208000
1436,-2.220000,2.220000
1437,-2.232000,2.232000
1438,-2.244000,2.244000
1439,-2.256000,2.256000
1440,-2.268000,2.268000
1441,-2.280000,2.280000
1442,-2.292000,2.292000
1443,-2.304000,2.304000
1444,-2.316000,2.316000
1445,-2.328000,2.328000
1446,-2.340000,2.340000
1447,-2.352000,2.352000
1448,-2.364000,2.364000
1449,-2.376000,2.376000
1450,-2.388000,2.388000
1451,-2.400000,2.400000
1452,-2.412000,2.412000
1453,-2.424000,2.424000
1454,-2.436000,2.436000
1455,-2.448000,2.448000
1456,-2.460000,2.460000
1457,-2.472000,2.472000
1458,-2.484000,2.484000
1459,-2.496000,2.496000
1460,-2.508000,2.508000
1461,-2.520000,2.520000
1462,-2.532000,2.532000
1463,-2.544000,2.544000
1464,-2.556000,2.556000
1465,-2.568000,2.568000
1466,-2.580000,2.580000
1467,-2.592000,2.592000
1468,-2.604000,2.604000
1469,-2.616000,2.616000
1470,-2.628000,2.628000
1471,-2.640000,2.640000
1472,-2.652000,2.652000
1473,-2.664000,2.664000
1474,-2.676000,2.676000
1475,-2.688000,2.688000
1476,-2.700000,2.700000
1477,-2.712000,2.712000
1478,-2.724000,2.724000
1479,-2.736000,2.736000
1480,-2.748000,2.748000
1481,-2.760000,2.760000
1482,-2.772000,2.772000
1483,-2.784000,2.784000
1484,-2.796000,2.796000
1485,-2.808000,2.808000
1486,-2.820000,2.820000
1487,-2.832000,2.832000
1488,-2.844000,2.844000
1489,-2.856000,2.856000
1490,-2.868000,2.868000
1491,-2.880000,2.880000
1492,-2.892000,2.892000
1493,-2.904000,2.904000
1494,-2.916000,2.916000
1495,-2.928000,2.928000
1496,-2.940000,2.940000
1497,-2.952000,2.952000
1498,-2.964000,2.964000
1499,-2.976000,2.976000
1500,-2.988000,2.988000
1501,-nan,nan
1502,-2.988000,2.988000
1503,-2.976000,2.976000
1504,-2.964000,2.964000
1505,-2.952000,2.952000
1506,-2.940000,2.940000
1507,-2.928000,2.928000
1508,-2.916000,2.916000
1509,-2.904000,2.904000
1510,-2.892000,2.892000
1511,-2.880000,2.880000
1512,-2.868000,2.868000
1513,-2.856000,2.856000
1514,-2.844000,2.844000
1515,-2.832000,2.832000
1516,-2.820000,2.820000
1517,-2.808000,2.808000
1518,-2.796000,2.796000
1519,-2.784000,2.784000
1520,-2.772000,2.772000
1521,-2.760000,2.760000
1522,-2.748000,2.748000
1523,-2.736000,2.736000
1524,-2.724000,2.724000
1525,-2.712000,2.712000
1526,-2.700000,2.700000
1527,-2.688000,2.688000
1528,-2.676000,2.676000
1529,-2.664000,2.664000
1530,-2.652000,2.652000
1531,-2.640000,2.640000
1532,-2.628000,2.628000
1533,-2.616000,2.616000
1534,-2.604000,2.604000
1535,-2.592000,2.592000
1536,-2.580000,2.580000
1537,-2.568000,2.568000
1538,-2.556000,2.556000
1539,-2.544000,2.544000
1540,-2.532000,2.532000
1541,-2.520000,2.520000
1542,-2.508000,2.508000
1543,-2.496000,2.496000
1544,-2.484000,2.484000
1545,-2.472000,2.472000
1546,-2.460000,2.460000
1547,-2.448000,2.448000
1548,-2.436000,2.436000
1549,-2.424000,2.424000
1550,-2.412000,2.412000
1551,-2.400000,2.400000
1552,-2.388000,2.388000
1553,-2.376000,2.376000
1554,-2.364000,2.364000
1555,-2.352000,2.352000
1556,-2.340000,2.340000
1557,-2.328000,2.328000
1558,-2.316000,2.316000
1559,-2.304000,2.304000
1560,-2.292000,2.292000
1561,-2.280000,2.280000
1562,-2.268000,2.268000
1563,-2.256000,2.256000
1564,-2.244000,2.244000
1565,-2.232000,2.232000
1566,-2.220000,2.220000
1567,-2.208000,2.208000
1568,-2.196000,2.196000
1569,-2.184000,2.184000
1570,-2.172000,2.172000
1571,-2.160000,2.160000
1572,-2.148000,2.148000
1573,-2.136000,2.136000
1574,-2.124000,2.124000
1575,-2.112000,2.112000
1576,-2.100000,2.100000
1577,-2.088000,2.088000
1578,-2.076000,2.076000
1579,-2.064000,2.064000
1580,-2.052000,2.052000
1581,-2.040000,2.040000
1582,-2.028000,2.028000
1583,-2.016000,2.016000
1584,-2.004000,2.004000
1585,-1.992000,1.992000
1586,-1.980000,1.980000
1587,-1.968000,1.968000
1588,-1.956000,1.956000
1589,-1.944000,1.944000
1590,-1.932000,1.932000
1591,-1.920000,1.920000
1592,-1.908000,1.908000
1593,-1.896000,1.896000
1594,-1.884000,1.884000
1595,-1.872000,1.872000
1596,-1.860000,1.860000
1597,-1.848000,1.848000
1598,-1.836000,1.836000
1599,-1.824000,1.824000
1600,-1.812000,1.812000
1601,-1.800000,1.800000
1602,-1.788000,1.788000
1603,-1.776000,1.776000
1604,-1.764000,1.764000
1605,-1.752000,1.752000
1606,-1.740000,1.740000
1607,-1.728000,1.728000
1608,-1.716000,1.716000
1609,-1.704000,1.704000
1610,-1.692000,1.692000
1611,-1.680000,1.680000
1612,-1.668000,1.668000
1613,-1.656000,1.656000
1614,-1.644000,1.644000
1615,-1.632000,1.632000
1616,-1.620000,1.620000
1617,-1.608000,1.608000
1618,-1.596000,1.596000
1619,-1.584000,1.584000
1620,-1.572000,1.572000
1621,-1.560000,1.560000
1622,-1.548000,1.548000
1623,-1.536000,1.536000
1624,-1.524000,1.524000
1625,-1.512000,1.512000
1626,-1.500000,1.500000
1627,-1.488000,1.488000
1628,-1.476000,1.476000
1629,-1.464000,1.464000
1630,-1.452000,1.452000
1631,-1.440000,1.440000
1632,-1.428000,1.428000
1633,-1.416000,1.416000
1634,-1.404000,1.404000
1635,-1.392000,1.392000
1636,-1.380000,1.380000
1637,-1.368000,1.368000
1638,-1.356000,1.356000
1639,-1.344000,1.344000
1640,-1.332000,1.332000
1641,-1.320000,1.320000
1642,-1.308000,1.308000
1643,-1.296000,1.296000
1644,-1.284000,1.284000
1645,-1.272000,1.272000
1646,-1.260000,1.260000
1647,-1.248000,1.248000
1648,-1.236000,1.236000
1649,-1.224000,1.224000
1650,-1.212000,1.212000
1651,-1.200000,1.200000
1652,-1.188000,1.188000
1653,-1.176000,1.176000
1654,-1.164000,1.164000
1655,-1.152000,1.152000
1656,-1.140000,1.140000
1657,-1.128000,1.128000
1658,-1.116000,1.116000
1659,-1.104000,1.104000
1660,-1.092000,1.092000
1661,-1.080000,1.080000
1662,-1.068000,1.068000
1663,-1.056000,1.056000
1664,-1.044000,1.044000
1665,-1.032000,1.032000
1666,-1.020000,1.020000
1667,-1.008000,1.008000
1668,-0.996000,0.996000
1669,-0.984000,0.984000
1670,-0.972000,0.972000
1671,-0.960000,0.960000
1672,-0.948000,0.948000
1673,-0.936000,0.936000
1674,-0.924000,0.924000
1675,-0.912000,0.912000
1676,-0.900000,0.900000
1677,-0.888000,0.888000
1678,-0.876000,0.876000
1679,-0.864000,0.864000
1680,-0.852000,0.852000
1681,-0.840000,0.840000
1682,-0.828000,0.828000
1683,-0.816000,0.816000
1684,-0.804000,0.804000
1685,-0.792000,0.792000
1686,-0.780000,0.780000
1687,-0.768000,0.768000
1688,-0.756000,0.756000
1689,-0.744000,0.744000
1690,-0.732000,0.732000
1691,-0.720000,0.720000
1692,-0.708000,0.708000
1693,-0.696000,0.696000
1694,-0.684000,0.684000
1695,-0.672000,0.672000
1696,-0.660000,0.660000
1697,-0.648000,0.648000
1698,-0.636000,0.636000
1699,-0.624000,0.624000
1700,-0.612000,0.612000
1701,-0.600000,0.600000
1702,-0.588000,0.588000
1703,-0.576000,0.576000
1704,-0.564000,0.564000
1705,-0.552000,0.552000
1706,-0.540000,0.540000
1707,-0.528000,0.528000
1708,-0.516000,0.516000
1709,-0.504000,0.504000
1710,-0.492000,0.492000
1711,-0.480000,0.480000
1712,-0.468000,0.468000
1713,-0.456000,0.456000
1714,-0.444000,0.444000
1715,-0.432000,0.432000
1716,-0.420000,0.420000
1717,-0.408000,0.408000
1718,-0.396000,0.396000
1719,-0.384000,0.384000
1720,-0.372000,0.372000
1721,-0.360000,0.360000
1722,-0.348000,0.348000
1723,-0.336000,0.336000
1724,-0.324000,0.324000
1725,-0.312000,0.312000
1726,-0.300000,0.300000
1727,-0.288000,0.288000
1728,-0.276000,0.276000
1729,-0.264000,0.264000
1730,-0.252000,0.252000
1731,-0.240000,0.240000
1732,-0.228000,0.228000
1733,-0.216000,0.216000
1734,-0.204000,0.204000
1735,-0.192000,0.192000
1736,-0.180000,0.180000
1737,-0.168000,0.168000
1738,-0.156000,0.156000
1739,-0.144000,0.144000
1740,-0.132000,0.132000
1741,-0.120000,0.120000
1742,-0.108000,0.108000
1743,-0.096000,0.096000
1744,-0.084000,0.084000
1745,-0.072000,0.072000
1746,-0.060000,0.060000
1747,-0.048000,0.048000
1748,-0.036000,0.036000
1749,-0.024000,0.024000
1750,-0.012000,0.012000
1751,0.000000,-0.000000
1752,0.012000,-0.012000
1753,0.024000,-0.024000
1754,0.036000,-0.036000
1755,0.048000,-0.048000
1756,0.060000,-0.060000
1757,0.072000,-0.072000
1758,0.084000,-0.084000
1759,0.096000,-0.096000
1760,0.108000,-0.108000
1761,0.120000,-0.120000
1762,0.132000,-0.132000
1763,0.144000,-0.144000
1764,0.156000,-0.156000
1765,0.168000,-0.168000
1766,0.180000,-0.180000
1767,0.192000,-0.192000
1768,0.204000,-0.204000
1769,0.216000,-0.216000
1770,0.228000,-0.228000
1771,0.240000,-0.240000
1772,0.252000,-0.252000
1773,0.264000,-0.264000
1774,0.276000,-0.276000
1775,0.288000,-0.288000
1776,0.300000,-0.300000
1777,0.312000,-0.312000
1778,0.324000,-0.324000
1779,0.336000,-0.336000
1780,0.348000,-0.348000
1781,0.360000,-0.360000
1782,0.372000,-0.372000
1783,0.384000,-0.384000
1784,0.396000,-0.396000
1785,0.408000,-0.408000
1786,0.420000,-0.420000
1787,0.432000,-0.432000
1788,0.444000,-0.444000
1789,0.456000,-0.456000
1790,0.468000,-0.468000
1791,0.480000,-0.480000
1792,0.492000,-0.492000
1793,0.504000,-0.504000
1794,0.516000,-0.516000
1795,0.528000,-0.528000
1796,0.540000,-0.540000
1797,0.552000,-0.552000
1798,0.564000,-0.564000
1799,0.576000,-0.576000
1800,0.588000,-0.588000
1801,0.600000,-0.600000
1802,0.612000,-0.612000
1803,0.624000,-0.624000
1804,0.636000,-0.636000
1805,0.648000,-0.648000
1806,0.660000,-0.660000
1807,0.672000,-0.672000
1808,0.684000,-0.684000
1809,0.696000,-0.696000
1810,0.708000,-0.708000
1811,0.720000,-0.720000
1812,0.732000,-0.732000
1813,0.744000,-0.744000
1814,0.756000,-0.756000
1815,0.768000,-0.768000
1816,0.780000,-0.780000
1817,0.792000,-0.792000
1818,0.804000,-0.804000
1819,0.816000,-0.816000
1820,0.828000,-0.828000
1821,0.840000,-0.840000
1822,0.852000,-0.852000
1823,0.864000,-0.864000
1824,0.876000,-0.876000
1825,0.888000,-0.888000
1826,0.900000,-0.900000
1827,0.912000,-0.912000
1828,0.924000,-0.924000
1829,0.936000,-0.936000
1830,0.948000,-0.948000
1831,0.960000,-0.960000
1832,0.972000,-0.972000
1833,0.984000,-0.984000
1834,0.996000,-0.996000
1835,1.000000,-1.000000
1836,1.000000,-1.000000
1837,1.000000,-1.000000
1838,1.000000,-1.000000
1839,1.000000,-1.000000
1840,1.000000,-1.000000
1841,1.000000,-1.000000
1842,1.000000,-1.000000
1843,1.000000,-1.000000
1844,1.000000,-1.000000
1845,1.000000,-1.000000
1846,1.000000,-1.000000
1847,1.000000,-1.000000
1848,1.000000,-1.000000
1849,1.000000,-1.000000
1850,1.000000,-1.000000
1851,1.000000,-1.000000
1852,1.000000,-1.000000
1853,1.000000,-1.000000
1854,1.000000,-1.000000
1855,1.000000,-1.000000
1856,1.000000,-1.000000
1857,1.000000,-1.000000
1858,1.000000,-1.000000
1859,1.000000,-1.000000
1860,1.000000,-1.000000
1861,1.000000,-1.000000
1862,1.000000,-1.000000
1863,1.000000,-1.000000
1864,1.000000,-1.000000
1865,1.000000,-1.000000
1866,1.000000,-1.000000
1867,1.000000,-1.000000
1868,1.000000,-1.000000
1869,1.000000,-1.000000
1870,1.000000,-1.000000
1871,1.000000,-1.000000
1872,1.000000,-1.000000
1873,1.000000,-1.000000
1874,1.000000,-1.000000
1875,1.000000,-1.000000
1876,1.000000,-1.000000
1877,1.000000,-1.000000
1878,1.000000,-1.000000
1879,1.000000,-1.000000
1880,1.000000,-1.000000
1881,1.000000,-1.000000
1882,1.000000,-1.000000
1883,1.000000,-1.000000
1884,1.000000,-1.000000
1885,1.000000,-1.000000
1886,1.000000,-1.000000
1887,1.000000,-1.000000
1888,1.000000,-1.000000
1889,1.000000,-1.000000
1890,1.000000,-1.000000
1891,1.000000,-1.000000
1892,1.000000,-1.000000
1893,1.000000,-1.000000
1894,1.000000,-1.000000
1895,1.000000,-1.000000
1896,1.000000,-1.000000
1897,1.000000,-1.000000
1898,1.000000,-1.000000
1899,1.000000,-1.000000
1900,1.000000,-1.000000
1901,1.000000,-1.000000
1902,1.000000,-1.000000
1903,1.000000,-1.000000
1904,1.000000,-1.000000
1905,1.000000,-1.000000
1906,1.000000,-1.000000
1907,1.000000,-1.000000
1908,1.000000,-1.000000
1909,1.000000,-1.000000
1910,1.000000,-1.000000
1911,1.000000,-1.000000
1912,1.000000,-1.000000
1913,1.000000,-1.000000
1914,1.000000,-1.000000
1915,1.000000,-1.000000
1916,1.000000,-1.000000
1917,1.000000,-1.000000
1918,1.000000,-1.000000
1919,1.000000,-1.000000
1920,1.000000,-1.000000
1921,1.000000,-1.000000
1922,1.000000,-1.000000
1923,1.000000,-1.000000
1924,1.000000,-1.000000
1925,1.000000,-1.000000
1926,1.000000,-1.000000
1927,1.000000,-1.000000
1928,1.000000,-1.000000
1929,1.000000,-1.000000
1930,1.000000,-1.000000
1931,1.000000,-1.000000
1932,1.000000,-1.000000
1933,1.000000,-1.000000
1934,1.000000,-1.000000
1935,1.000000,-1.000000
1936,1.000000,-1.000000
1937,1.000000,-1.000000
1938,1.000000,-1.000000
1939,1.000000,-1.000000
1940,1.000000,-1.000000
1941,1.000000,-1.000000
1942,1.000000,-1.000000
1943,1.000000,-1.000000
1944,1.000000,-1.000000
1945,1.000000,-1.000000
1946,1.000000,-1.000000
1947,1.000000,-1.000000
1948,1.000000,-1.000000
1949,1.000000,-1.000000
1950,1.000000,-1.000000
1951,1.000000,-1.000000
1952,1.000000,-1.000000
1953,1.000000,-1.000000
1954,1.000000,-1.000000
1955,1.000000,-1.000000
1956,1.000000,-1.000000
1957,1.000000,-1.000000
1958,1.000000,-1.000000
1959,1.000000,-1.000000
1960,1.000000,-1.000000
1961,1.000000,-1.000000
1962,1.000000,-1.000000
1963,1.000000,-1.000000
1964,1.000000,-1.000000
1965,1.000000,-1.000000
1966,1.000000,-1.000000
1967,1.000000,-1.000000
1968,1.000000,-1.000000
1969,1.000000,-1.000000
1970,1.000000,-1.000000
1971,1.000000,-1.000000
1972,1.000000,-1.000000
1973,1.000000,-1.000000
1974,1.000000,-1.000000
1975,1.000000,-1.000000
1976,1.000000,-1.000000
1977,1.000000,-1.000000
1978,1.000000,-1.000000
1979,1.000000,-1.000000
1980,1.000000,-1.000000
1981,1.000000,-1.000000
1982,1.000000,-1.000000
1983,1.000000,-1.000000
1984,1.000000,-1.000000
1985,1.000000,-1.000000
1986,1.000000,-1.000000
1987,1.000000,-1.000000
1988,1.000000,-1.000000
1989,1.000000,-1.000000
1990,1.000000,-1.000000
1991,1.000000,-1.000000
1992,1.000000,-1.000000
1993,1.000000,-1.000000
1994,1.000000,-1.000000
1995,1.000000,-1.000000
1996,1.000000,-1.000000
1997,1.000000,-1.000000
1998,1.000000,-1.000000
1999,1.000000,-1.000000
2000,1.000000,-1.000000
